{"SQL_ON/rewards/acc": 0.5625, "SQL_ON/rewards/gap_reward_class_0": -91.15957641601562, "SQL_ON/rewards/gap_reward_class_1": 146.00503540039062, "SQL_ON/rewards/gap_reward": 27.4227294921875, "SQL_ON/rewards/resized_reward": 7.450580596923828e-08, "SQL_ON/loss": 154.6630859375, "SQL_ON/sequence_length": 2.0, "SQL_ON/loss-normalized": 77.33154296875, "SQL_ON/v2/0/Q/min": 0.000409896660130471, "SQL_ON/v2/0/Q/max": 0.00046536175068467855, "SQL_ON/v2/0/Q/mean": 0.00043762920540757477, "SQL_ON/v2/0/V/min": 10.8248929977417, "SQL_ON/v2/0/V/max": 10.8248929977417, "SQL_ON/v2/0/V/mean": 10.8248929977417, "SQL_ON/v2/0/A/min": -10.824482917785645, "SQL_ON/v2/0/A/max": -10.824427604675293, "SQL_ON/v2/0/A/mean": -10.824455261230469, "SQL_ON/v2/0/Q_/min": -0.00885462760925293, "SQL_ON/v2/0/Q_/max": 10.833747863769531, "SQL_ON/v2/0/Q_/mean": 5.41244649887085, "SQL_ON/v2/0/V_/min": 10.8248929977417, "SQL_ON/v2/0/V_/max": 10.8248929977417, "SQL_ON/v2/0/V_/mean": 10.8248929977417, "SQL_ON/v2/0/A_/min": -10.833747863769531, "SQL_ON/v2/0/A_/max": 0.008854925632476807, "SQL_ON/v2/0/A_/mean": -5.412446022033691, "SQL_ON/v2/0/H/min": 10.829841613769531, "SQL_ON/v2/0/H/max": 10.829843521118164, "SQL_ON/v2/0/H/mean": 10.829843521118164, "SQL_ON/v2/0/H_/min": 10.829841613769531, "SQL_ON/v2/0/H_/max": 10.829843521118164, "SQL_ON/v2/0/H_/mean": 10.829843521118164, "SQL_ON/v3/0/Q/min": 0.000409896660130471, "SQL_ON/v3/0/Q/max": 0.00046536175068467855, "SQL_ON/v3/0/Q/mean": 0.00043762920540757477, "SQL_ON/v3/0/V/min": 10.8248929977417, "SQL_ON/v3/0/V/max": 10.8248929977417, "SQL_ON/v3/0/V/mean": 10.8248929977417, "SQL_ON/v3/0/A/min": -10.824482917785645, "SQL_ON/v3/0/A/max": -10.824427604675293, "SQL_ON/v3/0/A/mean": -10.824455261230469, "SQL_ON/v3/0/V_/min": 10.8248929977417, "SQL_ON/v3/0/V_/max": 10.8248929977417, "SQL_ON/v3/0/V_/mean": 10.8248929977417, "SQL_ON/rewards/raw": 7.450580596923828e-08, "SQL_ON/rewards/shaped": 2.384185791015625e-07, "_timestamp": 1689209691.1586363, "epoch": 0, "_runtime": 3.8090944290161133, "_step": 0, "_wandb": {"runtime": 4}}